357726	51st State: Ultimate Edition	2023
68448	7 Wonders	2010
173346	7 Wonders Duel	2015
346703	7 Wonders: Architects	2021
172818	Above and Below	2015
154458	Akrotiri	2014
161970	Alchemists	2014
299960	Alma Mater	2020
469367	Altera	2027
354568	Amun-Re: 20th Anniversary Edition	2023
185343	Anachrony	2017
358661	Andromeda's Edge	2024
140934	Arboretum	2015
236457	Architects of the West Kingdom	2018
359871	Arcs	2024
342942	Ark Nova	2021
367603	Athangudi: Artisans of Chettinad	2022
230802	Azul	2017
363247	Azul: Master Chocolatier	2022
346965	Azul: Queen's Garden	2021
287954	Azul: Summer Pavilion	2019
252555	Bad Maps	2019
380891	Balkan Railways	2023
43307	Baltimore & Ohio	2009
219513	Bärenpark	2017
251247	Barrage	2019
369880	Beer & Bread	2022
325882	Bharata 600 BC	2020
323612	Bitoku	2021
157403	Black Fleet	2014
243599	Black Hole Council	2018
276343	Blind Spot	2019
240980	Blood on the Clocktower	2022
170216	Blood Rage	2015
244331	Blue Lagoon	2018
11	Bohnanza	1997
413246	Bomb Busters	2024
343905	Boonlake	2021
224517	Brass: Birmingham	2018
28720	Brass: Lancashire	2007
112373	BraveRats	2011
249277	Brazil: Imperial	2021
227466	Break the Code	2017
354669	Break the Cube	2022
332386	Brew	2021
172308	Broom Service	2015
192735	Broom Service: The Card Game	2016
283853	Bruhaha	
19237	Ca$h 'n Gun$	2005
155362	Ca$h 'n Guns: Second Edition	2014
260605	Camel Up (Second Edition)	2018
41	Can't Stop	1980
290236	Canvas	2021
295947	Cascadia	2021
416851	Castle Combo	2024
363622	The Castles of Burgundy: Special Edition	2023
345972	Cat in the Box: Deluxe Edition	2022
13	Catan	1995
18602	Caylus	2005
242574	Century: Eastern Wonders	2018
232832	Century: Golem Edition	2017
209685	Century: Spice Road	2017
345408	Chai Garam	2021
390340	Challengers! Beach Cup	2023
43111	Chaos in the Old World	2009
202265	Chicago & NorthWestern	2016
163642	Chimera Station: Deluxified	2017
124052	Cinque Terre	2013
205398	Citadels	2016
233247	Civilization: A New Dawn	2017
216132	Clans of Caledonia	2017
299659	Clash of Cultures: Monumental Edition	2021
214887	CO₂: Second Chance	2018
178900	Codenames	2015
198773	Codenames: Pictures	2016
5782	Coloretto	2003
14105	Commands & Colors: Ancients	2006
124361	Concordia	2013
465819	Concordia: Special Edition	2027
308933	Conscious: A Voyage to the Mystic Realms	2019
313010	Cosmic Encounter: 42nd Anniversary Edition	2018
131357	Coup	2012
402283	Courtisans	2024
304051	Creature Comforts	2022
192457	Cry Havoc	2016
246784	Cryptid	2018
245476	CuBirds	2018
184522	Dead Last	2016
225694	Decrypto	2018
15512	Diamant	2005
179723	Dino Twist	2015
256382	Disney Villainous: The Worst Takes it All	2018
39856	Dixit	2008
62219	Dominant Species	2010
181345	Dr. Eureka	2015
244916	Drop It	2018
316554	Dune: Imperium	2020
397598	Dune: Imperium – Uprising	2023
367150	Dune: War for Arrakis	2024
451850	Durian Smuggler	2025
1278	Dutch InterCity	1999
271055	Dwellings of Eldervale	2020
350184	Earth	2023
246900	Eclipse: Second Dawn for the Galaxy	2020
279254	Ecos: First Continent	2019
446825	Eldertide: A Thousand Lights	2026
305096	Endless Winter: Paleoamericans	2022
431479	Enthrone	2025
206718	Ethnos	2017
199792	Everdell	2018
434172	Excalibur (English Collector's edition)	2026
172225	Exploding Kittens	2015
256804	Exploding Kittens: Party Pack	2017
135779	A Fake Artist Goes to New York	2011
232918	Fallout	2017
271601	Feed the Kraken	2022
436126	Finspan	2025
420087	Flip 7	2024
434027	Food Chain Magnate: Deluxe Edition	2025
172	For Sale	1997
391163	Forest Shuffle	2023
296912	Fort	2020
147623	Friese's Landlord	2013
315881	Funfair	2021
171273	FUSE	2015
103343	A Game of Thrones: The Board Game (Second Edition)	2011
83195	Ghost Blitz	2010
246192	Gizmos	2018
195539	The Godfather: Corleone's Empire	2017
182874	Grand Austria Hotel	2015
93	El Grande	1995
341945	La Granja: Deluxe Master Set	2023
340834	Gravwell: 2nd Edition	2021
372373	GridL	2022
229235	Guardian's Call	2019
350933	The Guild of Merchant Explorers	2022
329754	Hampi & the Sun Jewel	2021
98778	Hanabi	2010
286749	Hansa Teutonica: Big Box	2020
319793	Happy City	2021
300329	Harry Potter Strike Dice Game	2020
366013	Heat: Pedal to the Metal	2022
198830	Heroes of Land, Air & Sea	2018
320718	Hidden Leaders	2022
220	High Society	1995
284742	Honey Buzz	2020
446497	Hot Streak	2025
228371	Iberian Railways	2017
177524	ICECOOL	2016
244995	Illusion	2018
54138	Imperial 2030	2009
155821	Inis	2016
447305	Inis: Legendary Edition	2025
378387	Inventors of the South Tigris	2024
148949	Istanbul	2014
327711	It's a Wonderful Kingdom: Legends	2022
271324	It's a Wonderful World	2019
429845	Jisogi: Anime Studio Tycoon	2025
254640	Just One	2018
84732	Kariba	2010
345069	Karigar-e-Taj	2023
336849	Kemet: Blood and Sand – Kickstarter Edition	2021
122515	Keyflower	2012
319966	The King Is Dead: Second Edition	2020
70323	King of Tokyo	2011
107529	Kingdom Builder	2011
204583	Kingdomino	2016
412695	Kursi	2024
373877	Lakshadweep	2023
421374	Landmarks	2024
129437	Legendary: A Marvel Deck Building Game	2012
218025	The Little Flower Shop	2018
295374	Long Shot: The Dice Game	2022
770	Loot	1992
359915	Lord of the Bins	2022
110327	Lords of Waterdeep	2012
156566	Lords of Xidit	2014
203993	Lorenzo il Magnifico	2016
312484	Lost Ruins of Arnak	2020
129622	Love Letter	2012
277085	Love Letter	2019
118247	Lucky Numbers	2012
454103	Magical Athlete	2025
283863	The Magnificent	2019
429401	Manhattan Project: Energy Empire	2025
276025	Maracaibo	2019
29223	Marrakech	2007
139030	Mascarade	2013
159581	Maskmen	2014
361279	Maui	2022
314491	Meadow	2021
251293	Megaland	2018
414685	Mesos	2024
318977	MicroMacro: Crime City	2020
244992	The Mind	2018
118	Modern Art	1992
40381	Modern Art Card Game	2008
125	Money!	1999
156546	Monikers	2015
283152	Monikers: Serious Nonsense	2019
63975	Mountain Goats	2010
295486	My City	2020
447281	Nayakas	2025
167355	Nemesis	2018
174660	New York 1901	2015
434367	Nippon: Zaibatsu	2026
12942	No Thanks!	2004
25554	Notre Dame	2007
396790	Nucleum	2023
65515	Nuns on the Run	2010
231733	Obsession	2018
406854	Odin	2024
261342	Old West Empresario	2019
270445	Omerta	2019
184267	On Mars	2020
147949	One Night Ultimate Werewolf	2014
160477	Onitama	2014
201406	OrganATTACK!	2016
164928	Orléans	2014
266810	Paladins of the West Kingdom	2019
239464	Palm Island	2018
303057	Pan Am	2020
376029	Panchayat	2023
314040	Pandemic Legacy: Season 0	2020
355704	Parikrama	2022
266524	Parks	2019
163412	Patchwork	2014
1258	Phase 10	1982
98229	Pictomania	2011
252526	Pictomania (Second Edition)	2018
274960	Point Salad	2019
156009	Port Royal	2014
2651	Power Grid	2004
345	Prairie Railroads	1999
260180	Project L	2020
3076	Puerto Rico	2002
415843	Puerto Rico 1897: Special Edition	2025
241536	Quardo	2017
386198	Queen by Midnight	2023
217372	The Quest for El Dorado	2017
12	Ra	1999
301880	Raiders of Scythia	2020
170042	Raiders of the North Sea	2015
417197	Rebirth	2024
244228	Reef	2018
128882	The Resistance: Avalon	2012
91514	Rhino Hero	2011
51	Ricochet Robots	1999
205896	Rising Sun	2018
399941	River of Gold	2024
132531	Roll for the Galaxy	2014
280041	Rolled West	2019
237182	Root	2018
9220	Saboteur	2004
406322	Saboteur: 20th Anniversary Edition	2024
156943	Saint Petersburg (Second Edition)	2014
380914	Samachar	2023
3	Samurai	1998
367041	Scholars of the South Tigris	2023
145659	Scoville	2014
169786	Scythe	2016
367220	Sea Salt & Paper	2022
279537	The Search for Planet X	2020
188834	Secret Hitler	2016
200847	Secrets	2017
418059	SETI: Search for Extraterrestrial Intelligence	2024
257305	SHASN	2021
157969	Sheriff of Nottingham	2014
298638	Sheriff of Nottingham: 2nd Edition	2020
237860	The Shores of Tripoli	2020
374867	Shortcut Longcut	2022
278553	Silver	2019
270673	Silver & Gold	2019
92415	Skull	2011
92415	Skull (English edition 2023)	2023
150145	Skull King	2013
373106	Sky Team	2023
75358	SNCF: France & Germany	2010
253319	Southern Pacific	2018
180202	Southern Rails	2015
38453	Space Alert	2008
162886	Spirit Island	2017
148228	Splendor	2014
364073	Splendor Duel	2022
147020	Star Realms	2014
27833	Steam	2009
367771	Stomp the Plank	2022
34635	Stone Age	2008
123260	Suburbia	2012
133473	Sushi Go!	2013
253664	Taco Cat Goat Cheese Pizza	2018
401636	Tacta	2025
475	Taj Mahal	2000
70919	Takenoko	2011
30645	Tammany Hall	2007
407233	Tenby	2025
229853	Teotihuacan: City of Gods	2018
167791	Terraforming Mars	2016
358752	Tetra Tower	2014
75360	Texas & Pacific	2010
503	Through the Desert	1998
9209	Ticket to Ride	2004
14996	Ticket to Ride: Europe	2005
42	Tigris & Euphrates	1997
231748	Time Bomb Evolution	2016
257283	Tiny Epic Mechs	2019
265736	Tiny Towns	2019
123540	Tokaido	2012
218530	Tortuga 1667	2017
338628	Trails	2021
257527	Trapwords	2018
182189	Treasure Hunter	2015
352515	Trio	2021
292748	Trophies	2019
16992	Tsuro	2005
16747	Tumblin' Dice	2004
356123	Turing Machine	2022
233078	Twilight Imperium: Fourth Edition	2017
134352	Two Rooms and a Boom	2013
372571	Tycoon: India 1981	2025
126163	Tzolk'in: The Mayan Calendar	2012
217085	Unearth	2017
382647	Vallamkali: Boat Races of Alappuzha	2023
170416	Vast: The Crystal Caverns	2016
366997	Venturesome	2022
334065	Verdant	2022
189453	Victorian Masterminds	2019
365056	Village: Big Box	2023
241724	Villagers	2019
183394	Viticulture Essential Edition	2015
171623	The Voyages of Marco Polo	2015
31730	Wabash Cannonball	2007
257769	Walking in Burano	2018
355483	Wandering Towers	2022
262543	Wavelength	2019
350316	Wayfarers of the South Tigris	2022
286156	Wayfinders	2019
233867	Welcome To...	2018
245422	Werewords Deluxe Edition	2018
74678	West Riding Revisited	2010
389198	What the Cup!?	2023
371942	The White Castle	2023
328557	Wilson & Shep	2021
403441	Windmill Valley	2024
266192	Wingspan	2019
366161	Wingspan Asia	2022
227935	Wonderland's War	2022
410201	Wyrmspan	2024
62871	Zombie Dice	2010
368061	Zoo Vadis	2023
