447649	12 Rivers	2025
371947	3 Ring Circus (Multilingual edition)	2023
1961	5 Alive	1990
362639	Angry Indians	2022
287954	Azul: Summer Pavilion	2019
10547	Betrayal at House on the Hill	2004
317985	Beyond the Sun	2020
325882	Bharata 600 BC	2020
240980	Blood on the Clocktower	2022
413246	Bomb Busters	2024
308989	Bristol 1350	2021
41	Can't Stop	1980
472700	Cantraband Card Game	2026
245934	Carpe Diem	2018
416851	Castle Combo	2024
13	Catan	1995
345408	Chai Garam	2021
240567	Chocolate Factory	2019
337	Circus Flohcati	1998
402676	Cities	2024
263895	City of the Great Machine	2023
1294	Clue	1949
402283	Courtisans	2024
417505	Dabba Walla	2024
267590	Deep State: New World Order	2019
439742	Dewan	2025
381356	Diced Veggies	2023
39856	Dixit	2008
368754	Doomlings: Deluxe Bundle	2022
451850	Durian Smuggler	2025
457720	Election Tamasha	2026
452817	Emberheart	2025
432527	Ethnos: 2nd Edition	2025
172225	Exploding Kittens	2015
256804	Exploding Kittens: Party Pack	2017
385761	Faraway	2023
160784	Fidelitas	2015
40628	Finca	2009
336986	Flamecraft	2022
449185	FlipToons	2025
430533	Formaggio	2025
296912	Fort	2020
465212	Furry Pawlitics	2026
396375	Gems of Iridescia	2025
246192	Gizmos	2018
93	El Grande	1995
445552	The Great Evening Banquet	2025
350933	The Guild of Merchant Explorers	2022
339958	Gutenberg	2021
377480	Hooky	2023
278751	In Front of the Elevators	2019
367476	Inheritors	2022
155821	Inis	2016
429845	Jisogi: Anime Studio Tycoon	2025
193621	Joking Hazard	2016
415507	Kokeshi	2024
391124	Kraftwagen: Age of Engineering	2024
348450	Lacrimosa	2022
97842	Last Will	2011
368173	Let's Go! To Japan	2024
295374	Long Shot: The Dice Game	2022
110327	Lords of Waterdeep	2012
277085	Love Letter	2019
118247	Lucky Numbers	2012
143884	Machi Koro	2012
454103	Magical Athlete	2025
322556	Meenakshi Temple	2023
118	Modern Art	1992
425549	Moon Colony Bloodbath	2025
63975	Mountain Goats	2010
447281	Nayakas	2025
417224	Onstage	2024
454909	Origin Story	2025
164928	Orléans	2014
30549	Pandemic	2008
431481	A Place for All My Books	2025
331265	Port Royal: Big Box	2022
260180	Project L	2020
431994	Propolis	2025
12	Ra	1999
28143	Race for the Galaxy	2007
418062	Railroad Tiles	2025
378367	Really Loud Librarians	2023
227224	The Red Cathedral	2020
199561	Sagrada	2017
313262	Shamans	2021
298638	Sheriff of Nottingham: 2nd Edition	2020
311828	Sherwood Bandits	2021
429765	SILOS	2025
298231	Skyrise	2024
375459	Speakeasy	2025
372559	Spots	2022
425428	Survive The Island	2024
70919	Takenoko	2011
407233	Tenby	2025
448112	This is Ridiculous!!!	2025
472017	Threads of Time	2026
351913	Tiletum	2022
218530	Tortuga 1667	2017
102680	Trajan	2011
163068	Trickerion: Legends of Illusion	2015
352515	Trio	2021
126163	Tzolk'in: The Mayan Calendar	2012
329500	Unconscious Mind	2024
247763	Underwater Cities	2018
448958	Uninvited Guests at a Wedding	2025
382647	Vallamkali: Boat Races of Alappuzha	2023
345377	Virtù	2022
262543	Wavelength	2019
403441	Windmill Valley	2024
411033	Wine Cellar	2025
