A Light Game	474042
Avalon: Big Box	367396
boop.	355433
Bruxelles 1893	144592
Caper: Europe	328565
Classic Art	344
Clue Conspiracy	391824
Coffee Rush	377061
Cross Clues	300753
Cytosis	202977
Dare to Ding	444678
Daybreak	334986
Deal with the Devil	367379
Emberleaf	426513
Expeditions	379078
Furnace	318084
Get Cooked	474059
Good Face Bad Face	379297
Great Western Trail	193738
Horizons of Spirit Island	367498
Innovation	63888
Into The Vortex	447363
Istanbul: Big Box	251219
LUNA Capital	323613
Masala Lab	400573
MicroMacro: Crime City - All In	364766
Mysterium Park	301767
Nasi Lemak	425636
Pax Pamir	155255
Poetry for Neanderthals	312786
Potion Explosion	180974
Power Plants	341974
Project L: Kickstarter Edition	319031
Pun Intended	247008
Quorum	429851
Red Rising	329465
Robinson Crusoe: Adventures on the Cursed Island	121921
Santorini	194655
Scout	291453
Sequence	2375
Shasn: Azadi	341139
Small World	40692
Startups	223770
Stratego	1917
Suppandi's Mind Mix-Up	456331
Sync or Sink	466823
The Castles of Burgundy	271320
The Gang	411567
The Isle of Cats	281259
The Prodigals Club	181796
The Quacks of Quedlinburg	244521
Ticket to Ride: Rails & Sails	202670
Twisted Cryptids	429840
Ultimate Werewolf	152241
Unmatched: Battle of Legends, Volume One	274637
Unmatched: Cobble & Fog	294484
Unmatched: Little Red Riding Hood vs. Beowulf	325635
Vallamkali	382647
Viticulture	128621
Werewords	219215
Whale To Look	388413
Who did it?	241491
World Wonders	365258
Yogi	224271
